Issue Type,Issue key,Issue id,Summary,Assignee,Assignee Id,Reporter,Reporter Id,Priority,Status,Resolution,Created,Updated,Due date
Story,HL-152,10281,Create AI Tools Category - Standout Feature for HomelabARR,Michael Ashley,70121:46c1602d-d743-4196-b33a-d632a9816e2a,Michael Ashley,70121:46c1602d-d743-4196-b33a-d632a9816e2a,Medium,Done,Done,20/Aug/25 8:02 PM,21/Aug/25 12:43 AM,
Story,HL-151,10280,Integrate n8n-mcp as HomelabARR container,Michael Ashley,70121:46c1602d-d743-4196-b33a-d632a9816e2a,Michael Ashley,70121:46c1602d-d743-4196-b33a-d632a9816e2a,Medium,Done,Done,20/Aug/25 7:54 PM,21/Aug/25 12:41 AM,
Story,HL-150,10279,Implement proper semantic versioning strategy for all containers,Michael Ashley,70121:46c1602d-d743-4196-b33a-d632a9816e2a,Michael Ashley,70121:46c1602d-d743-4196-b33a-d632a9816e2a,Medium,Done,Done,20/Aug/25 7:32 PM,20/Aug/25 8:24 PM,
Task,HL-149,10277,Rename homelabarr-dockupdate to homelabarr-hlupdater,Michael Ashley,70121:46c1602d-d743-4196-b33a-d632a9816e2a,Michael Ashley,70121:46c1602d-d743-4196-b33a-d632a9816e2a,Medium,Done,Done,20/Aug/25 7:16 PM,20/Aug/25 7:24 PM,
Task,HL-148,10276,Complete cleanup of remaining dockserver references across codebase,Michael Ashley,70121:46c1602d-d743-4196-b33a-d632a9816e2a,Michael Ashley,70121:46c1602d-d743-4196-b33a-d632a9816e2a,Medium,Done,Done,20/Aug/25 6:33 PM,20/Aug/25 6:49 PM,
Task,HL-147,10275,Clean up legacy docker-* base directories after homelabarr-* migration,Michael Ashley,70121:46c1602d-d743-4196-b33a-d632a9816e2a,Michael Ashley,70121:46c1602d-d743-4196-b33a-d632a9816e2a,Medium,Done,Done,20/Aug/25 6:13 PM,20/Aug/25 6:24 PM,
Bug,HL-146,10274,"Fix container build failures for crunchydl, gdsa, and gui",Michael Ashley,70121:46c1602d-d743-4196-b33a-d632a9816e2a,Michael Ashley,70121:46c1602d-d743-4196-b33a-d632a9816e2a,Medium,Done,Done,20/Aug/25 2:23 PM,20/Aug/25 2:23 PM,
Story,HL-145,10272,Set up self-hosted GitHub Actions runners on Proxmox,Michael Ashley,70121:46c1602d-d743-4196-b33a-d632a9816e2a,Michael Ashley,70121:46c1602d-d743-4196-b33a-d632a9816e2a,High,To Do,,20/Aug/25 1:44 PM,12/Sep/25 8:51 PM,
Task,HL-144,10271,Container Naming Standardization - Docker to HomelabARR Migration,Michael Ashley,70121:46c1602d-d743-4196-b33a-d632a9816e2a,Michael Ashley,70121:46c1602d-d743-4196-b33a-d632a9816e2a,Medium,Done,Done,20/Aug/25 5:44 AM,20/Aug/25 1:36 PM,
Bug,HL-143,10269,Fix container build failures - Ubuntu base images and homelabarr-ui,Michael Ashley,70121:46c1602d-d743-4196-b33a-d632a9816e2a,Michael Ashley,70121:46c1602d-d743-4196-b33a-d632a9816e2a,Medium,Done,Done,20/Aug/25 4:02 AM,20/Aug/25 4:26 AM,
Story,HL-142,10268,v2.0: Create migration tool for v1 to v2 upgrade path,Michael Ashley,70121:46c1602d-d743-4196-b33a-d632a9816e2a,Michael Ashley,70121:46c1602d-d743-4196-b33a-d632a9816e2a,Medium,Won't Do,Done,20/Aug/25 3:35 AM,03/Sep/25 2:38 AM,
Story,HL-141,10267,v2.0: Migrate frontend to React/Next.js with WebSocket support,Michael Ashley,70121:46c1602d-d743-4196-b33a-d632a9816e2a,Michael Ashley,70121:46c1602d-d743-4196-b33a-d632a9816e2a,Medium,Done,Done,20/Aug/25 3:35 AM,04/Sep/25 9:27 PM,01/Sep/25 12:00 AM
Story,HL-140,10266,v2.0: Implement multi-tier distribution strategy for all HomelabARR products,Michael Ashley,70121:46c1602d-d743-4196-b33a-d632a9816e2a,Michael Ashley,70121:46c1602d-d743-4196-b33a-d632a9816e2a,Medium,To Do,,20/Aug/25 3:35 AM,12/Sep/25 3:21 AM,
Story,HL-139,10265,v2.0: Create Terraform module structure for Docker deployments,Michael Ashley,70121:46c1602d-d743-4196-b33a-d632a9816e2a,Michael Ashley,70121:46c1602d-d743-4196-b33a-d632a9816e2a,Medium,Won't Do,Done,20/Aug/25 3:34 AM,03/Sep/25 2:37 AM,
Story,HL-138,10264,v2.0: Design Go CLI architecture with cobra framework,Michael Ashley,70121:46c1602d-d743-4196-b33a-d632a9816e2a,Michael Ashley,70121:46c1602d-d743-4196-b33a-d632a9816e2a,Medium,Done,Done,20/Aug/25 3:34 AM,21/Aug/25 5:20 PM,
Epic,HL-137,10262,v2: HomelabARR v2.0 - Go + Docker Compose Architecture Rewrite,Michael Ashley,70121:46c1602d-d743-4196-b33a-d632a9816e2a,Michael Ashley,70121:46c1602d-d743-4196-b33a-d632a9816e2a,Medium,Done,Done,20/Aug/25 3:34 AM,12/Sep/25 7:28 PM,
Task,HL-136,10260,Implement base image security update schedule,Michael Ashley,70121:46c1602d-d743-4196-b33a-d632a9816e2a,Michael Ashley,70121:46c1602d-d743-4196-b33a-d632a9816e2a,Medium,ON HOLD,,20/Aug/25 2:56 AM,22/Aug/25 5:23 PM,
Task,HL-135,10259,Complete Container Naming Standardization from docker-* to homelabarr-*,Michael Ashley,70121:46c1602d-d743-4196-b33a-d632a9816e2a,Michael Ashley,70121:46c1602d-d743-4196-b33a-d632a9816e2a,Medium,Done,Done,20/Aug/25 2:08 AM,20/Aug/25 2:09 AM,
Story,HL-134,10258,Optimize GitRunner1 Proxmox Configuration for Build Performance,Michael Ashley,70121:46c1602d-d743-4196-b33a-d632a9816e2a,Michael Ashley,70121:46c1602d-d743-4196-b33a-d632a9816e2a,Medium,ON HOLD,,20/Aug/25 12:49 AM,22/Aug/25 5:23 PM,
Task,HL-133,10257,Legacy Container Renaming and Migration Tools,Michael Ashley,70121:46c1602d-d743-4196-b33a-d632a9816e2a,Michael Ashley,70121:46c1602d-d743-4196-b33a-d632a9816e2a,Medium,Done,Done,20/Aug/25 12:20 AM,20/Aug/25 12:20 AM,
Story,HL-132,10256,Modernize Uploader Container with Multi-Cloud Support,Michael Ashley,70121:46c1602d-d743-4196-b33a-d632a9816e2a,Michael Ashley,70121:46c1602d-d743-4196-b33a-d632a9816e2a,Medium,ON HOLD,,19/Aug/25 11:19 PM,22/Aug/25 5:23 PM,
Task,HL-131,10255,Implement Performance Optimizations for Mount Container,Michael Ashley,70121:46c1602d-d743-4196-b33a-d632a9816e2a,Michael Ashley,70121:46c1602d-d743-4196-b33a-d632a9816e2a,Medium,ON HOLD,,19/Aug/25 11:19 PM,22/Aug/25 5:23 PM,
Story,HL-130,10253,Modernize Mount and Uploader Containers - Research Phase,Michael Ashley,70121:46c1602d-d743-4196-b33a-d632a9816e2a,Michael Ashley,70121:46c1602d-d743-4196-b33a-d632a9816e2a,Medium,ON HOLD,,19/Aug/25 11:18 PM,22/Aug/25 5:22 PM,
Bug,HL-129,10252,Security Fix - Update Frontend Alpine Base Image,Michael Ashley,70121:46c1602d-d743-4196-b33a-d632a9816e2a,Michael Ashley,70121:46c1602d-d743-4196-b33a-d632a9816e2a,Medium,Done,Done,19/Aug/25 9:10 PM,20/Aug/25 12:19 AM,
Task,HL-128,10250,Security Analysis and Vulnerability Assessment from Trivy Scans,Michael Ashley,70121:46c1602d-d743-4196-b33a-d632a9816e2a,Michael Ashley,70121:46c1602d-d743-4196-b33a-d632a9816e2a,Medium,Done,Done,19/Aug/25 8:59 PM,20/Aug/25 12:30 AM,
Task,HL-127,10249,Document Comprehensive Monitoring Stack and Grafana Dashboards,Michael Ashley,70121:46c1602d-d743-4196-b33a-d632a9816e2a,Michael Ashley,70121:46c1602d-d743-4196-b33a-d632a9816e2a,Medium,Done,Done,19/Aug/25 8:53 PM,19/Aug/25 8:55 PM,
Task,HL-126,10248,Document Docker Build Infrastructure Fixes and GHCR Integration,Michael Ashley,70121:46c1602d-d743-4196-b33a-d632a9816e2a,Michael Ashley,70121:46c1602d-d743-4196-b33a-d632a9816e2a,Medium,Done,Done,19/Aug/25 8:51 PM,19/Aug/25 8:52 PM,
Bug,HL-125,10247,Fix GHCR push permissions with Personal Access Token,Michael Ashley,70121:46c1602d-d743-4196-b33a-d632a9816e2a,Michael Ashley,70121:46c1602d-d743-4196-b33a-d632a9816e2a,Medium,Done,Done,19/Aug/25 7:27 PM,19/Aug/25 11:26 PM,
Task,HL-124,10246,Rename default branch from master to main,Michael Ashley,70121:46c1602d-d743-4196-b33a-d632a9816e2a,Michael Ashley,70121:46c1602d-d743-4196-b33a-d632a9816e2a,Medium,Done,Done,19/Aug/25 6:07 PM,19/Aug/25 11:27 PM,
Task,HL-123,10244,Enhance Discord server security and moderation,Michael Ashley,70121:46c1602d-d743-4196-b33a-d632a9816e2a,Michael Ashley,70121:46c1602d-d743-4196-b33a-d632a9816e2a,Medium,ON HOLD,,19/Aug/25 4:56 PM,22/Aug/25 5:22 PM,
Task,HL-122,10243,Set up automated Discord notifications for container builds,Michael Ashley,70121:46c1602d-d743-4196-b33a-d632a9816e2a,Michael Ashley,70121:46c1602d-d743-4196-b33a-d632a9816e2a,Medium,Done,Done,19/Aug/25 4:56 PM,20/Aug/25 12:29 AM,
Epic,HL-121,10241,v1: Discord Server Optimization and HomelabARR Rebranding,Michael Ashley,70121:46c1602d-d743-4196-b33a-d632a9816e2a,Michael Ashley,70121:46c1602d-d743-4196-b33a-d632a9816e2a,Medium,ON HOLD,,19/Aug/25 4:56 PM,12/Sep/25 7:26 PM,
Task,HL-120,10239,Implement SDLC workflow standards and automation,Michael Ashley,70121:46c1602d-d743-4196-b33a-d632a9816e2a,Michael Ashley,70121:46c1602d-d743-4196-b33a-d632a9816e2a,Medium,Done,Done,19/Aug/25 3:43 PM,19/Aug/25 4:02 PM,
Task,HL-119,10238,Rewrite container build workflow with sequential stages and ARM64 fixes,Michael Ashley,70121:46c1602d-d743-4196-b33a-d632a9816e2a,Michael Ashley,70121:46c1602d-d743-4196-b33a-d632a9816e2a,Medium,Done,Done,19/Aug/25 3:43 PM,19/Aug/25 5:01 PM,
Task,HL-118,10237,Set up Discord MCP integration for HomelabARR server management,Michael Ashley,70121:46c1602d-d743-4196-b33a-d632a9816e2a,Michael Ashley,70121:46c1602d-d743-4196-b33a-d632a9816e2a,Medium,Done,Done,19/Aug/25 3:38 PM,19/Aug/25 5:04 PM,
Task,HL-117,10236,Standardize container naming to homelabarr- prefix,Michael Ashley,70121:46c1602d-d743-4196-b33a-d632a9816e2a,Michael Ashley,70121:46c1602d-d743-4196-b33a-d632a9816e2a,Medium,Done,Done,19/Aug/25 3:22 PM,19/Aug/25 6:08 PM,
Story,HL-116,10235,Create Documentation and Training for Discord Knowledge Base,Michael Ashley,70121:46c1602d-d743-4196-b33a-d632a9816e2a,Michael Ashley,70121:46c1602d-d743-4196-b33a-d632a9816e2a,Medium,ON HOLD,,19/Aug/25 3:05 PM,22/Aug/25 5:22 PM,
Story,HL-115,10234,Create Searchable Knowledge Base from Archived Discord Content,Michael Ashley,70121:46c1602d-d743-4196-b33a-d632a9816e2a,Michael Ashley,70121:46c1602d-d743-4196-b33a-d632a9816e2a,Medium,ON HOLD,,19/Aug/25 3:04 PM,22/Aug/25 5:22 PM,
Story,HL-114,10233,Implement Compliant Discord Message Archival Solution,Michael Ashley,70121:46c1602d-d743-4196-b33a-d632a9816e2a,Michael Ashley,70121:46c1602d-d743-4196-b33a-d632a9816e2a,Medium,ON HOLD,,19/Aug/25 3:04 PM,22/Aug/25 5:21 PM,
Story,HL-113,10232,Obtain DockServer Administrator Permissions for Discord Archival,Michael Ashley,70121:46c1602d-d743-4196-b33a-d632a9816e2a,Michael Ashley,70121:46c1602d-d743-4196-b33a-d632a9816e2a,Medium,ON HOLD,,19/Aug/25 3:03 PM,22/Aug/25 5:21 PM,
Story,HL-112,10231,Discord Archival Feasibility Study and Risk Assessment,Michael Ashley,70121:46c1602d-d743-4196-b33a-d632a9816e2a,Michael Ashley,70121:46c1602d-d743-4196-b33a-d632a9816e2a,Medium,ON HOLD,,19/Aug/25 3:02 PM,22/Aug/25 5:21 PM,
Epic,HL-111,10229,v1: Discord Knowledge Base Initiative,Michael Ashley,70121:46c1602d-d743-4196-b33a-d632a9816e2a,Michael Ashley,70121:46c1602d-d743-4196-b33a-d632a9816e2a,Medium,ON HOLD,,19/Aug/25 3:01 PM,12/Sep/25 7:26 PM,
Story,HL-110,10227,Establish DockServer Administrator Partnership for Discord Archival,Michael Ashley,70121:46c1602d-d743-4196-b33a-d632a9816e2a,Michael Ashley,70121:46c1602d-d743-4196-b33a-d632a9816e2a,Medium,ON HOLD,,19/Aug/25 2:49 PM,22/Aug/25 5:21 PM,
Story,HL-109,10226,Discord Archival Feasibility Study and Risk Assessment,Michael Ashley,70121:46c1602d-d743-4196-b33a-d632a9816e2a,Michael Ashley,70121:46c1602d-d743-4196-b33a-d632a9816e2a,Medium,ON HOLD,,19/Aug/25 2:49 PM,22/Aug/25 5:21 PM,
Epic,HL-108,10224,v1: Discord Documentation Archival Initiative,Michael Ashley,70121:46c1602d-d743-4196-b33a-d632a9816e2a,Michael Ashley,70121:46c1602d-d743-4196-b33a-d632a9816e2a,Medium,ON HOLD,,19/Aug/25 2:48 PM,12/Sep/25 7:26 PM,
Story,HL-107,10222,Enhance Discord webhook notifications with container-specific images,Michael Ashley,70121:46c1602d-d743-4196-b33a-d632a9816e2a,Michael Ashley,70121:46c1602d-d743-4196-b33a-d632a9816e2a,Medium,ON HOLD,,19/Aug/25 2:35 PM,22/Aug/25 5:20 PM,
Story,HL-106,10221,Create Documentation and Migration Guide,Michael Ashley,70121:46c1602d-d743-4196-b33a-d632a9816e2a,Michael Ashley,70121:46c1602d-d743-4196-b33a-d632a9816e2a,Medium,Done,Done,19/Aug/25 2:26 PM,20/Aug/25 12:30 AM,
Story,HL-105,10220,Add Manual Dispatch Controls for Targeted Builds,Michael Ashley,70121:46c1602d-d743-4196-b33a-d632a9816e2a,Michael Ashley,70121:46c1602d-d743-4196-b33a-d632a9816e2a,Medium,Done,Done,19/Aug/25 2:26 PM,21/Aug/25 1:22 AM,
Story,HL-104,10219,Implement Stage 3: Categorized Application Container Builds,Michael Ashley,70121:46c1602d-d743-4196-b33a-d632a9816e2a,Michael Ashley,70121:46c1602d-d743-4196-b33a-d632a9816e2a,Medium,ON HOLD,,19/Aug/25 2:26 PM,22/Aug/25 5:20 PM,
Story,HL-103,10218,Implement Stage 2: Docker Mods with Dependencies,Michael Ashley,70121:46c1602d-d743-4196-b33a-d632a9816e2a,Michael Ashley,70121:46c1602d-d743-4196-b33a-d632a9816e2a,Medium,ON HOLD,,19/Aug/25 2:26 PM,22/Aug/25 5:20 PM,
Story,HL-102,10217,Implement Stage 1: Base Images Build with Fail-Fast,Michael Ashley,70121:46c1602d-d743-4196-b33a-d632a9816e2a,Michael Ashley,70121:46c1602d-d743-4196-b33a-d632a9816e2a,Medium,ON HOLD,,19/Aug/25 2:26 PM,22/Aug/25 5:20 PM,
Story,HL-101,10216,Fix base image naming: dockserver-ui to homelabarr-ui,Michael Ashley,70121:46c1602d-d743-4196-b33a-d632a9816e2a,Michael Ashley,70121:46c1602d-d743-4196-b33a-d632a9816e2a,Medium,Done,Done,19/Aug/25 2:25 PM,20/Aug/25 12:25 AM,
Epic,HL-100,10214,v1: Refactor GitHub Actions Container Build Workflow,Michael Ashley,70121:46c1602d-d743-4196-b33a-d632a9816e2a,Michael Ashley,70121:46c1602d-d743-4196-b33a-d632a9816e2a,Medium,ON HOLD,,19/Aug/25 2:25 PM,12/Sep/25 7:22 PM,
Task,HL-99,10212,CRITICAL: Update user documentation for Noble migration communications,Michael Ashley,70121:46c1602d-d743-4196-b33a-d632a9816e2a,Michael Ashley,70121:46c1602d-d743-4196-b33a-d632a9816e2a,Medium,ON HOLD,,19/Aug/25 2:12 PM,22/Aug/25 5:20 PM,
Task,HL-98,10210,CRITICAL: Production migration rollout plan for Noble containers,Michael Ashley,70121:46c1602d-d743-4196-b33a-d632a9816e2a,Michael Ashley,70121:46c1602d-d743-4196-b33a-d632a9816e2a,Medium,ON HOLD,,19/Aug/25 2:12 PM,22/Aug/25 5:20 PM,
Task,HL-97,10208,CRITICAL: Create automated testing framework for Noble container validation,Michael Ashley,70121:46c1602d-d743-4196-b33a-d632a9816e2a,Michael Ashley,70121:46c1602d-d743-4196-b33a-d632a9816e2a,Medium,ON HOLD,,19/Aug/25 2:12 PM,22/Aug/25 5:20 PM,
Task,HL-96,10206,CRITICAL: Update Docker Compose files to use Noble container images,Michael Ashley,70121:46c1602d-d743-4196-b33a-d632a9816e2a,Michael Ashley,70121:46c1602d-d743-4196-b33a-d632a9816e2a,Medium,ON HOLD,,19/Aug/25 2:12 PM,22/Aug/25 5:19 PM,
Task,HL-95,10204,CRITICAL: Update container registry with Noble-based application images,Michael Ashley,70121:46c1602d-d743-4196-b33a-d632a9816e2a,Michael Ashley,70121:46c1602d-d743-4196-b33a-d632a9816e2a,Medium,ON HOLD,,19/Aug/25 2:11 PM,22/Aug/25 5:19 PM,
Task,HL-94,10202,CRITICAL: Test Noble base images in staging environment,Michael Ashley,70121:46c1602d-d743-4196-b33a-d632a9816e2a,Michael Ashley,70121:46c1602d-d743-4196-b33a-d632a9816e2a,Medium,ON HOLD,,19/Aug/25 2:11 PM,22/Aug/25 5:19 PM,
Task,HL-93,10199,Switch default branch from 'master' to 'main' in GitHub repositories,Michael Ashley,70121:46c1602d-d743-4196-b33a-d632a9816e2a,Michael Ashley,70121:46c1602d-d743-4196-b33a-d632a9816e2a,Medium,ON HOLD,,19/Aug/25 2:10 PM,22/Aug/25 5:19 PM,
Task,HL-92,10197,Update documentation and installation scripts for 'main' branch references,Michael Ashley,70121:46c1602d-d743-4196-b33a-d632a9816e2a,Michael Ashley,70121:46c1602d-d743-4196-b33a-d632a9816e2a,Medium,ON HOLD,,19/Aug/25 2:10 PM,22/Aug/25 5:19 PM,
Task,HL-91,10195,Update CI/CD workflows to reference 'main' branch instead of 'master',Michael Ashley,70121:46c1602d-d743-4196-b33a-d632a9816e2a,Michael Ashley,70121:46c1602d-d743-4196-b33a-d632a9816e2a,Medium,ON HOLD,,19/Aug/25 2:10 PM,22/Aug/25 5:18 PM,
Task,HL-90,10193,Create 'main' branch in homelabarr-containers repository,Michael Ashley,70121:46c1602d-d743-4196-b33a-d632a9816e2a,Michael Ashley,70121:46c1602d-d743-4196-b33a-d632a9816e2a,Medium,Done,Done,19/Aug/25 2:09 PM,20/Aug/25 2:32 AM,
Task,HL-89,10191,Audit current branch structure across HomelabARR repositories,Michael Ashley,70121:46c1602d-d743-4196-b33a-d632a9816e2a,Michael Ashley,70121:46c1602d-d743-4196-b33a-d632a9816e2a,Medium,Done,Done,19/Aug/25 2:09 PM,20/Aug/25 2:26 AM,
Task,HL-88,10189,Implement production migration strategy for Noble container rollout,Michael Ashley,70121:46c1602d-d743-4196-b33a-d632a9816e2a,Michael Ashley,70121:46c1602d-d743-4196-b33a-d632a9816e2a,Medium,ON HOLD,,19/Aug/25 2:08 PM,22/Aug/25 5:20 PM,
Task,HL-87,10187,Comprehensive testing and validation of Ubuntu Noble container images,Michael Ashley,70121:46c1602d-d743-4196-b33a-d632a9816e2a,Michael Ashley,70121:46c1602d-d743-4196-b33a-d632a9816e2a,Medium,ON HOLD,,19/Aug/25 2:07 PM,22/Aug/25 5:15 PM,
Epic,HL-86,10185,v1:Ubuntu 24.04 Noble LTS Migration for HomelabARR Container Ecosystem,Michael Ashley,70121:46c1602d-d743-4196-b33a-d632a9816e2a,Michael Ashley,70121:46c1602d-d743-4196-b33a-d632a9816e2a,Medium,ON HOLD,,19/Aug/25 2:07 PM,12/Sep/25 7:21 PM,
Task,HL-85,10184,Migrate homelabarr-containers repository from 'master' to 'main' branch,Michael Ashley,70121:46c1602d-d743-4196-b33a-d632a9816e2a,Michael Ashley,70121:46c1602d-d743-4196-b33a-d632a9816e2a,Medium,Done,Done,19/Aug/25 2:06 PM,20/Aug/25 2:31 AM,
Task,HL-84,10182,Migrate homelabarr-cli repository from 'master' to 'main' branch,Michael Ashley,70121:46c1602d-d743-4196-b33a-d632a9816e2a,Michael Ashley,70121:46c1602d-d743-4196-b33a-d632a9816e2a,Medium,Done,Done,19/Aug/25 2:05 PM,20/Aug/25 2:26 AM,
Task,HL-83,10180,Create migration plan and communication strategy for branch standardization,Michael Ashley,70121:46c1602d-d743-4196-b33a-d632a9816e2a,Michael Ashley,70121:46c1602d-d743-4196-b33a-d632a9816e2a,Medium,ON HOLD,,19/Aug/25 2:05 PM,22/Aug/25 5:18 PM,
Epic,HL-82,10178,v1: EPIC: Standardize Git branches from 'master' to 'main' across HomelabARR repositories,Michael Ashley,70121:46c1602d-d743-4196-b33a-d632a9816e2a,Michael Ashley,70121:46c1602d-d743-4196-b33a-d632a9816e2a,Medium,Done,Done,19/Aug/25 2:05 PM,12/Sep/25 7:21 PM,
Task,HL-81,10177,Migrate Docker Images from DockServer to HomelabARR Registry,Michael Ashley,70121:46c1602d-d743-4196-b33a-d632a9816e2a,Michael Ashley,70121:46c1602d-d743-4196-b33a-d632a9816e2a,Medium,Done,Done,19/Aug/25 12:36 AM,04/Sep/25 10:14 PM,
Task,HL-80,10175,HIGH: Comprehensive Deployment Documentation,Michael Ashley,70121:46c1602d-d743-4196-b33a-d632a9816e2a,Michael Ashley,70121:46c1602d-d743-4196-b33a-d632a9816e2a,Medium,Done,Done,18/Aug/25 11:00 PM,19/Aug/25 12:52 AM,
Story,HL-79,10174,HIGH: Authentication System Hardening for Production,Michael Ashley,70121:46c1602d-d743-4196-b33a-d632a9816e2a,Michael Ashley,70121:46c1602d-d743-4196-b33a-d632a9816e2a,Medium,ON HOLD,,18/Aug/25 11:00 PM,22/Aug/25 5:18 PM,
Task,HL-78,10173,CRITICAL: Repository Separation and Cleanup,Michael Ashley,70121:46c1602d-d743-4196-b33a-d632a9816e2a,Michael Ashley,70121:46c1602d-d743-4196-b33a-d632a9816e2a,Medium,Done,Done,18/Aug/25 11:00 PM,19/Aug/25 12:39 AM,
Story,HL-77,10172,CRITICAL: Production Configuration - Replace Hardcoded Localhost,Michael Ashley,70121:46c1602d-d743-4196-b33a-d632a9816e2a,Michael Ashley,70121:46c1602d-d743-4196-b33a-d632a9816e2a,Medium,ON HOLD,,18/Aug/25 11:00 PM,22/Aug/25 5:18 PM,
Bug,HL-76,10170,Emergency Fix: CORS and Docker Integration Recovery,Michael Ashley,70121:46c1602d-d743-4196-b33a-d632a9816e2a,Michael Ashley,70121:46c1602d-d743-4196-b33a-d632a9816e2a,Medium,Done,Done,18/Aug/25 10:59 PM,18/Aug/25 11:20 PM,
Story,HL-74,10144,"Integrate HomelabARR Enhanced Container Suite - Restic, VnStat, and Backup",Michael Ashley,70121:46c1602d-d743-4196-b33a-d632a9816e2a,Michael Ashley,70121:46c1602d-d743-4196-b33a-d632a9816e2a,Medium,Done,Done,17/Aug/25 3:15 PM,17/Aug/25 5:46 PM,
Task,HL-73,10143,Fix GitHub Actions Docker build pipeline failures,Michael Ashley,70121:46c1602d-d743-4196-b33a-d632a9816e2a,Michael Ashley,70121:46c1602d-d743-4196-b33a-d632a9816e2a,Medium,Done,Done,17/Aug/25 2:17 PM,17/Aug/25 2:26 PM,
Story,HL-72,10141,Implement Category-Based Directory Structure Migration,Michael Ashley,70121:46c1602d-d743-4196-b33a-d632a9816e2a,Michael Ashley,70121:46c1602d-d743-4196-b33a-d632a9816e2a,Medium,ON HOLD,,17/Aug/25 10:40 AM,22/Aug/25 5:11 PM,
Story,HL-71,10139,Create User Persona-Based Navigation Journeys,Michael Ashley,70121:46c1602d-d743-4196-b33a-d632a9816e2a,Michael Ashley,70121:46c1602d-d743-4196-b33a-d632a9816e2a,Medium,ON HOLD,,17/Aug/25 10:39 AM,22/Aug/25 5:20 PM,
Story,HL-70,10137,Design Industry-Standard App Category Taxonomy,Michael Ashley,70121:46c1602d-d743-4196-b33a-d632a9816e2a,Michael Ashley,70121:46c1602d-d743-4196-b33a-d632a9816e2a,Medium,Done,Done,17/Aug/25 10:39 AM,17/Aug/25 11:10 AM,
Epic,HL-69,10135,v1: Industry-Standard App Category Redesign for Enhanced User Experience,Michael Ashley,70121:46c1602d-d743-4196-b33a-d632a9816e2a,Michael Ashley,70121:46c1602d-d743-4196-b33a-d632a9816e2a,Medium,ON HOLD,,17/Aug/25 10:38 AM,12/Sep/25 7:21 PM,
Story,HL-68,10133,Implement SDLC Process Controls and Workflow Enforcement,Michael Ashley,70121:46c1602d-d743-4196-b33a-d632a9816e2a,Michael Ashley,70121:46c1602d-d743-4196-b33a-d632a9816e2a,Medium,ON HOLD,,17/Aug/25 9:34 AM,22/Aug/25 5:17 PM,
Story,HL-67,10131,Research HomelabARR Containerization Patterns and Update CLI Deployment,Michael Ashley,70121:46c1602d-d743-4196-b33a-d632a9816e2a,Michael Ashley,70121:46c1602d-d743-4196-b33a-d632a9816e2a,Medium,ON HOLD,,17/Aug/25 9:33 AM,22/Aug/25 5:17 PM,
Story,HL-66,10129,RETROACTIVE: Configure MVP Authentication Bypass,Michael Ashley,70121:46c1602d-d743-4196-b33a-d632a9816e2a,Michael Ashley,70121:46c1602d-d743-4196-b33a-d632a9816e2a,Medium,Done,Done,17/Aug/25 9:33 AM,17/Aug/25 2:26 PM,
Story,HL-65,10127,RETROACTIVE: Implement CLI-Based Container Deployment,Michael Ashley,70121:46c1602d-d743-4196-b33a-d632a9816e2a,Michael Ashley,70121:46c1602d-d743-4196-b33a-d632a9816e2a,Medium,Done,Done,17/Aug/25 9:32 AM,17/Aug/25 2:26 PM,
Story,HL-64,10125,RETROACTIVE: Fix Docker Integration Windows Compatibility Issues,Michael Ashley,70121:46c1602d-d743-4196-b33a-d632a9816e2a,Michael Ashley,70121:46c1602d-d743-4196-b33a-d632a9816e2a,Medium,Done,Done,17/Aug/25 9:32 AM,17/Aug/25 9:34 AM,
Story,HL-63,10123,MVP Testing & Validation - Community Feedback Integration Framework,Michael Ashley,70121:46c1602d-d743-4196-b33a-d632a9816e2a,Michael Ashley,70121:46c1602d-d743-4196-b33a-d632a9816e2a,Medium,Done,Done,17/Aug/25 7:25 AM,18/Aug/25 11:20 PM,
Story,HL-62,10122,Application Catalog Integration - Connect UI to 100+ App Ecosystem,Michael Ashley,70121:46c1602d-d743-4196-b33a-d632a9816e2a,Michael Ashley,70121:46c1602d-d743-4196-b33a-d632a9816e2a,Medium,Done,Done,17/Aug/25 7:24 AM,17/Aug/25 11:09 AM,
Story,HL-61,10121,Deployment Mode Selection UI - Standard/Traefik/Authelia Components,Michael Ashley,70121:46c1602d-d743-4196-b33a-d632a9816e2a,Michael Ashley,70121:46c1602d-d743-4196-b33a-d632a9816e2a,Medium,Done,Done,17/Aug/25 7:23 AM,17/Aug/25 11:09 AM,
Story,HL-60,10120,CLI Integration Bridge - Replace JSON Templates with Direct CLI Commands,Michael Ashley,70121:46c1602d-d743-4196-b33a-d632a9816e2a,Michael Ashley,70121:46c1602d-d743-4196-b33a-d632a9816e2a,Medium,Done,Done,17/Aug/25 7:22 AM,17/Aug/25 11:09 AM,
Story,HL-59,10117,Application Catalog Integration,Michael Ashley,70121:46c1602d-d743-4196-b33a-d632a9816e2a,Michael Ashley,70121:46c1602d-d743-4196-b33a-d632a9816e2a,Medium,Done,Done,17/Aug/25 7:19 AM,17/Aug/25 11:10 AM,
Story,HL-58,10116,Deployment Mode Selection UI,Michael Ashley,70121:46c1602d-d743-4196-b33a-d632a9816e2a,Michael Ashley,70121:46c1602d-d743-4196-b33a-d632a9816e2a,Medium,Done,Done,17/Aug/25 7:18 AM,17/Aug/25 11:11 AM,
Story,HL-57,10115,Frontend-CLI Integration Bridge,Michael Ashley,70121:46c1602d-d743-4196-b33a-d632a9816e2a,Michael Ashley,70121:46c1602d-d743-4196-b33a-d632a9816e2a,Medium,Done,Done,17/Aug/25 7:18 AM,17/Aug/25 11:09 AM,
Epic,HL-56,10113,v1: HomelabARR Frontend MVP - Urgent Community Response,Michael Ashley,70121:46c1602d-d743-4196-b33a-d632a9816e2a,Michael Ashley,70121:46c1602d-d743-4196-b33a-d632a9816e2a,Medium,ON HOLD,,17/Aug/25 7:17 AM,12/Sep/25 7:20 PM,
Story,HL-55,10112,Integrate modernized rclone-unionfs-mount cloud storage into installation menus,Michael Ashley,70121:46c1602d-d743-4196-b33a-d632a9816e2a,Michael Ashley,70121:46c1602d-d743-4196-b33a-d632a9816e2a,Medium,Done,Done,17/Aug/25 5:01 AM,17/Aug/25 2:35 PM,
Story,HL-54,10111,Integrate modernized rclone-unionfs-mount cloud storage into installation menus,Michael Ashley,70121:46c1602d-d743-4196-b33a-d632a9816e2a,Michael Ashley,70121:46c1602d-d743-4196-b33a-d632a9816e2a,Medium,Done,Done,17/Aug/25 4:58 AM,03/Sep/25 2:41 AM,
Story,HL-53,10108,Add ARM64/aarch64 Platform Support for HomelabARR CLI,Michael Ashley,70121:46c1602d-d743-4196-b33a-d632a9816e2a,Michael Ashley,70121:46c1602d-d743-4196-b33a-d632a9816e2a,Medium,ON HOLD,,17/Aug/25 1:13 AM,22/Aug/25 5:09 PM,
Task,HL-52,10107,Fix Auto-Dashboard Generator Windows Compatibility and Add QA Validation,Michael Ashley,70121:46c1602d-d743-4196-b33a-d632a9816e2a,Michael Ashley,70121:46c1602d-d743-4196-b33a-d632a9816e2a,Medium,Done,Done,17/Aug/25 1:07 AM,17/Aug/25 1:10 AM,
Task,HL-51,10106,Add Coder Platform - Advanced Cloud Development Environment,Michael Ashley,70121:46c1602d-d743-4196-b33a-d632a9816e2a,Michael Ashley,70121:46c1602d-d743-4196-b33a-d632a9816e2a,Medium,Done,Done,16/Aug/25 10:28 PM,17/Aug/25 12:27 AM,
Story,HL-50,10105,Add Dozzle Real-time Log Viewer and Auto-Dashboard Generation to Monitoring Stack,Michael Ashley,70121:46c1602d-d743-4196-b33a-d632a9816e2a,Michael Ashley,70121:46c1602d-d743-4196-b33a-d632a9816e2a,Medium,Done,Done,16/Aug/25 6:47 PM,17/Aug/25 2:27 PM,
Story,HL-49,10104,Create Comprehensive Confluence Documentation for Monitoring Stack,Michael Ashley,70121:46c1602d-d743-4196-b33a-d632a9816e2a,Michael Ashley,70121:46c1602d-d743-4196-b33a-d632a9816e2a,Medium,ON HOLD,,16/Aug/25 6:14 PM,22/Aug/25 5:17 PM,
Story,HL-48,10103,Implement Performance Optimization for Monitoring Stack,Michael Ashley,70121:46c1602d-d743-4196-b33a-d632a9816e2a,Michael Ashley,70121:46c1602d-d743-4196-b33a-d632a9816e2a,Medium,ON HOLD,,16/Aug/25 6:12 PM,22/Aug/25 5:15 PM,
Story,HL-47,10102,Implement Auto-routing Command for Monitoring Stack Management,Michael Ashley,70121:46c1602d-d743-4196-b33a-d632a9816e2a,Michael Ashley,70121:46c1602d-d743-4196-b33a-d632a9816e2a,Medium,ON HOLD,,16/Aug/25 6:12 PM,22/Aug/25 5:15 PM,
Task,HL-46,10101,Technical Debt: Address local-persist Volume Driver Go Rewrite Requirement,Michael Ashley,70121:46c1602d-d743-4196-b33a-d632a9816e2a,Michael Ashley,70121:46c1602d-d743-4196-b33a-d632a9816e2a,Medium,ON HOLD,,16/Aug/25 6:11 PM,22/Aug/25 5:14 PM,
Story,HL-45,10100,Integrate Monitoring Stack with HomelabARR CLI Installation Menu System,Michael Ashley,70121:46c1602d-d743-4196-b33a-d632a9816e2a,Michael Ashley,70121:46c1602d-d743-4196-b33a-d632a9816e2a,Medium,ON HOLD,,16/Aug/25 6:11 PM,22/Aug/25 5:14 PM,
Story,HL-44,10099,Implement Monitoring Stack Configuration Validation and Testing Framework,Michael Ashley,70121:46c1602d-d743-4196-b33a-d632a9816e2a,Michael Ashley,70121:46c1602d-d743-4196-b33a-d632a9816e2a,Medium,ON HOLD,,16/Aug/25 6:10 PM,22/Aug/25 5:14 PM,
Story,HL-43,10098,Create Pre-built Grafana Dashboards for Infrastructure Monitoring,Michael Ashley,70121:46c1602d-d743-4196-b33a-d632a9816e2a,Michael Ashley,70121:46c1602d-d743-4196-b33a-d632a9816e2a,Medium,ON HOLD,,16/Aug/25 6:10 PM,22/Aug/25 5:14 PM,
Story,HL-42,10097,Implement Core Monitoring Stack Docker Compose Configuration,Michael Ashley,70121:46c1602d-d743-4196-b33a-d632a9816e2a,Michael Ashley,70121:46c1602d-d743-4196-b33a-d632a9816e2a,Medium,ON HOLD,,16/Aug/25 6:10 PM,22/Aug/25 5:14 PM,
Epic,HL-41,10095,v1: HomelabARR CLI Comprehensive Monitoring Stack,Michael Ashley,70121:46c1602d-d743-4196-b33a-d632a9816e2a,Michael Ashley,70121:46c1602d-d743-4196-b33a-d632a9816e2a,Medium,ON HOLD,,16/Aug/25 5:57 PM,12/Sep/25 7:20 PM,
Story,HL-40,10093,Implement Knowledge Management Enhancement Framework,Michael Ashley,70121:46c1602d-d743-4196-b33a-d632a9816e2a,Michael Ashley,70121:46c1602d-d743-4196-b33a-d632a9816e2a,Medium,ON HOLD,,16/Aug/25 3:29 PM,22/Aug/25 5:12 PM,
Story,HL-39,10092,Establish Development Workflow Optimization,Michael Ashley,70121:46c1602d-d743-4196-b33a-d632a9816e2a,Michael Ashley,70121:46c1602d-d743-4196-b33a-d632a9816e2a,Medium,ON HOLD,,16/Aug/25 3:29 PM,22/Aug/25 5:12 PM,
Story,HL-38,10091,Implement Repository Maintenance Automation,Michael Ashley,70121:46c1602d-d743-4196-b33a-d632a9816e2a,Michael Ashley,70121:46c1602d-d743-4196-b33a-d632a9816e2a,Medium,ON HOLD,,16/Aug/25 3:28 PM,22/Aug/25 5:11 PM,
Task,HL-37,10089,Sprint Planning: Post-Cleanup Development Phase Kickoff,Michael Ashley,70121:46c1602d-d743-4196-b33a-d632a9816e2a,Michael Ashley,70121:46c1602d-d743-4196-b33a-d632a9816e2a,Medium,ON HOLD,,16/Aug/25 3:19 PM,22/Aug/25 5:11 PM,
Story,HL-36,10088,Establish Disaster Recovery and Backup Automation,Michael Ashley,70121:46c1602d-d743-4196-b33a-d632a9816e2a,Michael Ashley,70121:46c1602d-d743-4196-b33a-d632a9816e2a,Medium,ON HOLD,,16/Aug/25 3:18 PM,22/Aug/25 5:11 PM,
Story,HL-35,10087,Develop Performance Optimization Framework for Containerized Applications,Michael Ashley,70121:46c1602d-d743-4196-b33a-d632a9816e2a,Michael Ashley,70121:46c1602d-d743-4196-b33a-d632a9816e2a,Medium,ON HOLD,,16/Aug/25 3:17 PM,22/Aug/25 5:10 PM,
Story,HL-34,10086,Implement Infrastructure as Code for Complete Stack Deployment,Michael Ashley,70121:46c1602d-d743-4196-b33a-d632a9816e2a,Michael Ashley,70121:46c1602d-d743-4196-b33a-d632a9816e2a,Medium,ON HOLD,,16/Aug/25 3:17 PM,22/Aug/25 5:09 PM,
Story,HL-33,10085,Create Production-Grade Monitoring and Observability Platform,Michael Ashley,70121:46c1602d-d743-4196-b33a-d632a9816e2a,Michael Ashley,70121:46c1602d-d743-4196-b33a-d632a9816e2a,Medium,ON HOLD,,16/Aug/25 3:16 PM,22/Aug/25 5:08 PM,
Story,HL-32,10084,Develop Advanced CI/CD Pipeline with Quality Gates,Michael Ashley,70121:46c1602d-d743-4196-b33a-d632a9816e2a,Michael Ashley,70121:46c1602d-d743-4196-b33a-d632a9816e2a,Medium,ON HOLD,,16/Aug/25 3:16 PM,22/Aug/25 5:06 PM,
Story,HL-31,10083,Implement Comprehensive Testing Framework for Installation Scripts,Michael Ashley,70121:46c1602d-d743-4196-b33a-d632a9816e2a,Michael Ashley,70121:46c1602d-d743-4196-b33a-d632a9816e2a,Medium,ON HOLD,,16/Aug/25 3:16 PM,22/Aug/25 5:06 PM,
Epic,HL-30,10082,v1: Post-Cleanup Technical Excellence Epic,Michael Ashley,70121:46c1602d-d743-4196-b33a-d632a9816e2a,Michael Ashley,70121:46c1602d-d743-4196-b33a-d632a9816e2a,Medium,ON HOLD,,16/Aug/25 3:15 PM,12/Sep/25 7:19 PM,
Task,HL-29,10081,Prioritize and Phase Documentation Migration Strategy,Michael Ashley,70121:46c1602d-d743-4196-b33a-d632a9816e2a,Michael Ashley,70121:46c1602d-d743-4196-b33a-d632a9816e2a,Medium,ON HOLD,,16/Aug/25 5:14 AM,22/Aug/25 5:06 PM,
Story,HL-28,10079,Create Progressive User Onboarding and Getting Started Guide,Michael Ashley,70121:46c1602d-d743-4196-b33a-d632a9816e2a,Michael Ashley,70121:46c1602d-d743-4196-b33a-d632a9816e2a,Medium,ON HOLD,,16/Aug/25 5:14 AM,22/Aug/25 5:02 PM,
Story,HL-27,10077,Establish Documentation Governance and Automated Maintenance Workflows,Michael Ashley,70121:46c1602d-d743-4196-b33a-d632a9816e2a,Michael Ashley,70121:46c1602d-d743-4196-b33a-d632a9816e2a,Medium,ON HOLD,,16/Aug/25 5:13 AM,22/Aug/25 5:01 PM,
Story,HL-26,10075,Create GitHub Organization Migration Documentation and Procedures,Michael Ashley,70121:46c1602d-d743-4196-b33a-d632a9816e2a,Michael Ashley,70121:46c1602d-d743-4196-b33a-d632a9816e2a,Medium,ON HOLD,,16/Aug/25 5:13 AM,22/Aug/25 4:56 PM,
Story,HL-25,10073,Document All 162+ Containerized Applications with Deployment Examples,Michael Ashley,70121:46c1602d-d743-4196-b33a-d632a9816e2a,Michael Ashley,70121:46c1602d-d743-4196-b33a-d632a9816e2a,Medium,ON HOLD,,16/Aug/25 5:13 AM,22/Aug/25 4:56 PM,
Story,HL-24,10071,Create Comprehensive Full Mode vs Local Mode Deployment Documentation,Michael Ashley,70121:46c1602d-d743-4196-b33a-d632a9816e2a,Michael Ashley,70121:46c1602d-d743-4196-b33a-d632a9816e2a,Medium,ON HOLD,,16/Aug/25 5:12 AM,22/Aug/25 4:56 PM,
Story,HL-23,10069,Migrate DockServer Confluence Documentation to HomelabARR CLI Branding,,,Michael Ashley,70121:46c1602d-d743-4196-b33a-d632a9816e2a,Medium,Done,Done,16/Aug/25 5:12 AM,03/Sep/25 2:40 AM,
Epic,HL-22,10067,v1: HomelabARR CLI Documentation & Rebranding Epic,Michael Ashley,70121:46c1602d-d743-4196-b33a-d632a9816e2a,Michael Ashley,70121:46c1602d-d743-4196-b33a-d632a9816e2a,Medium,Done,Done,16/Aug/25 5:11 AM,12/Sep/25 7:19 PM,
Story,HL-21,10065,Develop Web-Based Application Management Dashboard,Michael Ashley,70121:46c1602d-d743-4196-b33a-d632a9816e2a,Michael Ashley,70121:46c1602d-d743-4196-b33a-d632a9816e2a,Medium,ON HOLD,,15/Aug/25 1:16 AM,22/Aug/25 4:56 PM,
Story,HL-20,10063,Implement Intelligent Container Health Monitoring,Michael Ashley,70121:46c1602d-d743-4196-b33a-d632a9816e2a,Michael Ashley,70121:46c1602d-d743-4196-b33a-d632a9816e2a,Medium,Done,Done,15/Aug/25 1:16 AM,03/Sep/25 2:40 AM,
Story,HL-19,10061,Implement Dynamic Storage Backend Configuration,Michael Ashley,70121:46c1602d-d743-4196-b33a-d632a9816e2a,Michael Ashley,70121:46c1602d-d743-4196-b33a-d632a9816e2a,Medium,ON HOLD,,15/Aug/25 1:15 AM,22/Aug/25 4:55 PM,
Story,HL-18,10059,Enhanced Traefik Label Validation and Templates,Michael Ashley,70121:46c1602d-d743-4196-b33a-d632a9816e2a,Michael Ashley,70121:46c1602d-d743-4196-b33a-d632a9816e2a,Medium,ON HOLD,,15/Aug/25 1:15 AM,22/Aug/25 4:55 PM,
Story,HL-17,10057,Implement Automated YML Validation Pipeline,Michael Ashley,70121:46c1602d-d743-4196-b33a-d632a9816e2a,Michael Ashley,70121:46c1602d-d743-4196-b33a-d632a9816e2a,Medium,ON HOLD,,15/Aug/25 1:15 AM,22/Aug/25 4:55 PM,
Epic,HL-16,10055,v1: User Experience & Management Interface Epic,Michael Ashley,70121:46c1602d-d743-4196-b33a-d632a9816e2a,Michael Ashley,70121:46c1602d-d743-4196-b33a-d632a9816e2a,Medium,ON HOLD,,15/Aug/25 1:14 AM,12/Sep/25 7:19 PM,
Epic,HL-15,10054,v1: Container Orchestration & Management Excellence Epic,Michael Ashley,70121:46c1602d-d743-4196-b33a-d632a9816e2a,Michael Ashley,70121:46c1602d-d743-4196-b33a-d632a9816e2a,Medium,ON HOLD,,15/Aug/25 1:14 AM,12/Sep/25 7:18 PM,
Epic,HL-14,10053,v1: Advanced Mount Options & Configuration Flexibility Epic,Michael Ashley,70121:46c1602d-d743-4196-b33a-d632a9816e2a,Michael Ashley,70121:46c1602d-d743-4196-b33a-d632a9816e2a,Medium,ON HOLD,,15/Aug/25 1:14 AM,12/Sep/25 7:17 PM,
Epic,HL-13,10052,v1: YML File Standardization & Quality Assurance Epic,,,Michael Ashley,70121:46c1602d-d743-4196-b33a-d632a9816e2a,Medium,Done,Done,15/Aug/25 1:13 AM,12/Sep/25 7:18 PM,
Task,HL-12,10050,Security Audit and Compliance Enhancement,Michael Ashley,70121:46c1602d-d743-4196-b33a-d632a9816e2a,Michael Ashley,70121:46c1602d-d743-4196-b33a-d632a9816e2a,Medium,Done,Done,14/Aug/25 10:30 PM,17/Aug/25 1:28 AM,
Task,HL-11,10049,Complete Remaining Documentation Enhancement,Michael Ashley,70121:46c1602d-d743-4196-b33a-d632a9816e2a,Michael Ashley,70121:46c1602d-d743-4196-b33a-d632a9816e2a,Medium,Done,Done,14/Aug/25 10:29 PM,16/Aug/25 10:15 PM,
Task,HL-10,10048,Automated Image Update Pipeline,Michael Ashley,70121:46c1602d-d743-4196-b33a-d632a9816e2a,Michael Ashley,70121:46c1602d-d743-4196-b33a-d632a9816e2a,Medium,ON HOLD,,14/Aug/25 10:29 PM,22/Aug/25 4:55 PM,
Task,HL-9,10047,Implement Container Performance Monitoring,Michael Ashley,70121:46c1602d-d743-4196-b33a-d632a9816e2a,Michael Ashley,70121:46c1602d-d743-4196-b33a-d632a9816e2a,Medium,ON HOLD,,14/Aug/25 10:29 PM,22/Aug/25 5:08 PM,
Epic,HL-8,10045,v1: GHCR Migration and Container Optimization Epic,Michael Ashley,70121:46c1602d-d743-4196-b33a-d632a9816e2a,Michael Ashley,70121:46c1602d-d743-4196-b33a-d632a9816e2a,Medium,Done,Done,14/Aug/25 10:28 PM,12/Sep/25 7:18 PM,
Task,HL-7,10043,Implement Health Checks for All Containers,Michael Ashley,70121:46c1602d-d743-4196-b33a-d632a9816e2a,Michael Ashley,70121:46c1602d-d743-4196-b33a-d632a9816e2a,Medium,Done,Done,14/Aug/25 8:32 PM,03/Sep/25 2:40 AM,
Task,HL-6,10041,Standardize Traefik Labels Across All Applications,,,Michael Ashley,70121:46c1602d-d743-4196-b33a-d632a9816e2a,Medium,Done,Done,14/Aug/25 8:32 PM,03/Sep/25 2:40 AM,
Task,HL-5,10039,Resolve Port Conflicts Between Applications,Michael Ashley,70121:46c1602d-d743-4196-b33a-d632a9816e2a,Michael Ashley,70121:46c1602d-d743-4196-b33a-d632a9816e2a,Medium,Done,Done,14/Aug/25 8:32 PM,17/Aug/25 11:10 AM,
Task,HL-4,10037,Fix Docker Compose Volume Driver Issues,Michael Ashley,70121:46c1602d-d743-4196-b33a-d632a9816e2a,Michael Ashley,70121:46c1602d-d743-4196-b33a-d632a9816e2a,Medium,Done,Done,14/Aug/25 8:31 PM,03/Sep/25 2:39 AM,
Epic,HL-3,10035,v1: Docker Compose Modernization Epic,Michael Ashley,70121:46c1602d-d743-4196-b33a-d632a9816e2a,Michael Ashley,70121:46c1602d-d743-4196-b33a-d632a9816e2a,Medium,Done,Done,14/Aug/25 8:31 PM,12/Sep/25 7:17 PM,
Task,HL-2,10034,Container Configuration Modernization and Port Conflict Resolution,Michael Ashley,70121:46c1602d-d743-4196-b33a-d632a9816e2a,Michael Ashley,70121:46c1602d-d743-4196-b33a-d632a9816e2a,Medium,Done,Done,14/Aug/25 8:30 PM,16/Aug/25 8:37 PM,
